,premise,hypothesis,label,matchlstm,graph,matchlstm_label_prob,graph_label_prob
3,"Photosynthesis, fermentation, glycolysis, aerobic and anaerobic respiration, urea cycle and gluconeogenesis.",Glycolysis is a series of reactions that is common to fermentation and cellular respiration.,neutral,neutral,entails,"[0.9881460070610046, 0.011853997595608234]","[0.014235193841159344, 0.9857648015022278]"
5,kinetic energy  the energy of motion.,Kinetic energy is the energy of motion.,entails,entails,neutral,"[1.885475064966613e-08, 1.0]","[0.9609870910644531, 0.039012935012578964]"
8,Upwelling The physical process in near-shore ocean systems of rising of nutrients and colder bottom waters to the surface because of constant wind patterns along the shoreline.,Upwelling is the term for when deep ocean water rises to the surface.,entails,entails,neutral,"[0.00026894372422248125, 0.9997310638427734]","[0.9731948971748352, 0.026805095374584198]"
10,This energy comes ultimately from the sun via the solar wind and into the magnetosphere.,The energy stored in the organic molecules of food ultimately comes from the sun.,neutral,neutral,entails,"[0.997641384601593, 0.0023586032912135124]","[0.03323245048522949, 0.9667675495147705]"
13,Hookworm is a parasite that lives in the gut and causes anemia.,A hookworm is classified as a parasite.,entails,entails,neutral,"[1.8273403838975355e-05, 0.999981701374054]","[0.9362155199050903, 0.06378449499607086]"
17,Wavelength is the distance between two peaks(high points) of a wave.,Wavelength is the distance between two corresponding points of adjacent waves called.,entails,entails,neutral,"[3.014791218447499e-05, 0.9999698400497437]","[0.8248648643493652, 0.17513515055179596]"
19,"The students will learn to identify various organs and functions of the skeletal, muscular, and endocrine systems, as well as other systems of the body.","Together, the muscular and skeletal organs are known as the musculoskeletal system.",neutral,neutral,entails,"[0.9999761581420898, 2.3815451640984975e-05]","[0.11132519692182541, 0.888674795627594]"
21,Everyone  knows that a telescope makes distant objects appear nearer.,A telescope is used to make objects in space appear closer.,entails,entails,neutral,"[0.12140095978975296, 0.8785990476608276]","[0.8343541622161865, 0.16564582288265228]"
29,Calories The energy in food is called calories.,The energy content of foods is often expressed in calories.,entails,entails,neutral,"[0.24008339643478394, 0.7599166035652161]","[0.7736102938652039, 0.22638970613479614]"
32,"Meanwhile, Bittman discovers that extracting natural gas through fracking delays our transition to renewable energy and that fracking wells leak a large amount of methane, a powerful greenhouse gas, which makes fracked natural gas as dirty as, or dirtier than, burning coal.",Fracking delivers natural gas from rock that might not otherwise be obtainable.,neutral,neutral,entails,"[0.9998597502708435, 0.00014024588745087385]","[0.05552598834037781, 0.9444739818572998]"
34,Wavelength The distance between adjacent waves of radiant energy;,Wavelength is the distance between two corresponding points of adjacent waves called.,entails,entails,neutral,"[0.0021799763198941946, 0.9978200197219849]","[0.893698513507843, 0.10630150139331818]"
37,"The cation comes first, both in the name and in the formula for an ionic compound.","When naming an ionic compound, the cation is written first.",entails,entails,neutral,"[0.009110765531659126, 0.9908892512321472]","[0.940205454826355, 0.059794533997774124]"
47,"Intestinal microflora play a  crucial role for the host organism as they produce various digestive enzymes and vitamins, as well as aiding the host in defence against foreign harmful pathogens.",We call the microflora that aid in the digestion process intestinal flora.,entails,entails,neutral,"[0.04904358461499214, 0.950956404209137]","[0.9930771589279175, 0.006922862026840448]"
48,"5.2.1 Traces the flow of energy in an ecosystem, noting the dissipation of heat at each energy transfer point and discussing the impact on the ecosystem (e.g., compares biomass and energy at different trophic levels in an ecosystem, and explains why they change;",Pyramid ecosystem is used to show energy flow through the trophic levels.,neutral,neutral,entails,"[0.9986717700958252, 0.0013282493455335498]","[0.025787288323044777, 0.9742127060890198]"
49,5.3.1.5 Inhibition of DNA synthesis in Chinese hamster ovary (CHO) cells Powdered nickel blocked progression through S phase of the cell cycle (DNA replication) in cultured CHO cells in a flow cytometric assay (Costa et al.,"During the synthesis phase, dna replication occurs in the cell cycle.",neutral,neutral,entails,"[0.749180018901825, 0.25081995129585266]","[0.10480958223342896, 0.895190417766571]"
50,Wavelength The distance between two successive parts of a wave.,Wavelength is the distance between two corresponding points of adjacent waves called.,entails,entails,neutral,"[0.001373480074107647, 0.9986265301704407]","[0.7175166010856628, 0.28248336911201477]"
55,"pH is measured on a scale of 0 to 14, with 0 being a strong acid, 7 neutral, and 14 a strong base.",The ph scale measures acids and bases and has 7 as a neutral value.,entails,entails,neutral,"[0.0011954916408285499, 0.99880450963974]","[0.9987097978591919, 0.001290207146666944]"
57,"As an adult, mature tree, the pine produces two different types of cones, pollen cones (male) and ovulate cones (female).",The end of a pine tree branch bears the male cones that produce pollen.,entails,entails,neutral,"[0.07080996036529541, 0.9291900396347046]","[0.9992147088050842, 0.0007852759445086122]"
58,"Yield taxes are generally neutral toward conservation Yield taxes may be imposed on the amount of a product that is produced, on the amount that is sold (such as the Oregon severance tax on timber), and on the value of the product sold (such as the New Mexico severance tax on timber).",The amount of product that may be produced by a reaction under specified conditions is called theoretical yield.,neutral,neutral,entails,"[0.8985559940338135, 0.10144400596618652]","[0.18945106863975525, 0.8105489015579224]"
65,Titanite occurs as a common accessory mineral in intermediate and felsic igneous rocks and associated pegmatites.,"Felsic igneous rocks contain felsic minerals, typically contain aluminum and sodium and are high in silica.",neutral,neutral,entails,"[0.9999254941940308, 7.450917473761365e-05]","[0.1203041598200798, 0.8796958327293396]"
71,"Aside from caffeine, the most commonly consumed psychoactive drug is alcohol.",Caffeine and alcohol are two examples of a psychoactive.,entails,entails,neutral,"[0.1701413244009018, 0.829858660697937]","[0.9606882929801941, 0.039311733096838]"
83,"Although, these birds can be quite noisy as mating season draws nearer.",Birds pair up with the same bird in mating season.,neutral,neutral,entails,"[0.9490692019462585, 0.05093081668019295]","[0.19283205270767212, 0.8071679472923279]"
102,"Quantum mechanics is the branch of mechanics that deals with the motion of electrons, protons, neutrons, and other subatomic particles that make  up atoms and molecules.",The specialized study of the motion of objects that are atomic/subatomic in size is called quantum mechanics.,entails,entails,neutral,"[0.026874935254454613, 0.9731250405311584]","[0.9972912669181824, 0.0027087091002613306]"
105,"Extracellular Structures   Many prokaryotes have an extra layer, called a capsule, outside the cell wall.",The capsule is the layer outside the cell wall in a prokaryote.,entails,entails,neutral,"[0.0003756516089197248, 0.9996243715286255]","[0.6894968748092651, 0.31050315499305725]"
110,Less dense felsic minerals dominate the igneous rocks of the upper crust while more dense mafic and ultramafic minerals dominate those of the lower crust.,"Felsic igneous rocks contain felsic minerals, typically contain aluminum and sodium and are high in silica.",neutral,neutral,entails,"[0.9709337949752808, 0.02906622923910618]","[0.4857509732246399, 0.5142489671707153]"
114,Ribosomes are composed of a small and large subunit both consisting of rRNA molecules and proteins.,"A ribosome consists of two elements, rrna and proteins.",entails,entails,neutral,"[2.6508028895477764e-05, 0.999973475933075]","[0.7840707302093506, 0.2159292995929718]"
125,"EXTENSIVE PROPERTIES are properties which depend upon the amount of matter present such as V, mass, and the number of moles.",The extensive property is a property that depends on the amount of matter in a sample.,entails,entails,neutral,"[0.03383276239037514, 0.9661672115325928]","[0.7059829235076904, 0.29401707649230957]"
130,"in helium, two protons and two neutrons, and in carbon, nitrogen and oxygen--6, 7 and 8 of each particle, respectively.",A carbon atom with 6 protons and 8 neutrons is more specifically known as carbon 14.,neutral,neutral,entails,"[0.5385523438453674, 0.4614476263523102]","[0.0008400696679018438, 0.9991599321365356]"
132,Such people are in a diseased condition of life.,Lifestyle diseases are diseases that are caused by choices that people make in their daily lives.,neutral,neutral,entails,"[0.9999999403953552, 8.063876322239594e-08]","[0.2549508512020111, 0.7450491786003113]"
145,"Classification of Igneous Rocks A simple classification of igneous rocks can be accomplished by examining grain size of the mineral crystals, temperature at which solidification occurs, and the quantity of mafic and felsic minerals found in the rock.","Felsic igneous rocks contain felsic minerals, typically contain aluminum and sodium and are high in silica.",neutral,neutral,entails,"[0.8330107927322388, 0.16698920726776123]","[0.4589860141277313, 0.5410140156745911]"
158,Electrical energy can be converted into kinetic energy and heat energy by an electric motor.,Electric motors transform electrical energy into kinetic energy.,entails,entails,neutral,"[0.15158970654010773, 0.8484103083610535]","[0.9991410970687866, 0.0008589325589127839]"
159,The rules af placing electrons within shells is known as the Aufbau principle.,Aufbau principle gives the order of electron filling in an atom.,entails,entails,neutral,"[0.08540257066488266, 0.9145974516868591]","[0.9738458395004272, 0.02615416795015335]"
168,Kinetic energy (energy of motion),Kinetic energy is the energy of motion.,entails,entails,neutral,"[1.8173901707996265e-06, 0.9999982118606567]","[0.9512166976928711, 0.04878329858183861]"
171,"Penis The penis is composed of three cylindrical bodies of spongy cavernous tissue, bound together by connective tissue and loosely covered by a layer of skin.","The human penis contains the urethra, as well as three cylinders of spongy erectile tissue.",entails,entails,neutral,"[0.3799351155757904, 0.6200648546218872]","[0.7941827178001404, 0.20581728219985962]"
172,"Amines are compounds that are derivatives of the base ammonia, NH 3 .",An amine is an organic compound that can be considered to be a derivative of ammonia.,entails,entails,neutral,"[0.35403677821159363, 0.6459632515907288]","[0.9942387938499451, 0.005761216394603252]"
191,The amount of energy in food is measured in calories.,The energy content of foods is often expressed in calories.,entails,entails,neutral,"[0.0013317466946318746, 0.9986682534217834]","[0.99299556016922, 0.007004465442150831]"
193,"Reptiles smell using the tip of their tongue, and a forked tongue allows them to sense from which direction a smell is coming.",Snakes use their tongue to smell things.,entails,entails,neutral,"[5.814693395223003e-06, 0.999994158744812]","[0.9482035636901855, 0.051796428859233856]"
195,"Scientists are becoming even more certain that humans are a key contributor to global warming, and some are even contending that human causes have been the most significant factor leading to warming in recent decades.",Human beings is/are the main cause of recent global warming.,entails,entails,neutral,"[0.4044775068759918, 0.5955224633216858]","[0.9771772027015686, 0.022822769358754158]"
201,"As the world s second largest trade commodity in value after oil, and the largest agricultural trade commodity, coffee has a remarkably inelastic demand.",The everyday beverage coffee is a commodity second only to oil in worldwide trade.,entails,entails,neutral,"[0.31842750310897827, 0.6815724968910217]","[0.6664515733718872, 0.3335484564304352]"
205,"Its causes include nearby human activities (such as traffic or heavy machinery), winds and other atmospheric phenomena, and ocean waves.",Winds causes most ocean waves.,neutral,neutral,entails,"[0.9882749915122986, 0.011724980548024178]","[0.2673645615577698, 0.7326354384422302]"
206,There's THERMAL POLLUTION of water.,"When the temperature of water is increased after being used in cooling, it is thermal pollution.",neutral,neutral,entails,"[0.9974240660667419, 0.002575922990217805]","[0.4269992411136627, 0.5730007290840149]"
221,"Like all snakes, king cobras are able to sense vibrations through their jaw bones and can smell and taste the air with their tongues.",Snakes use their tongue to smell things.,entails,entails,neutral,"[0.02579391933977604, 0.9742060899734497]","[0.9044120907783508, 0.09558792412281036]"
229,"Classical Mechanics, the behavior of objects of macroscopic size, can be explained as a special case of Quantum  Mechanics, although in practice Classical Mechanics was understood first.",The specialized study of the motion of objects that are atomic/subatomic in size is called quantum mechanics.,neutral,neutral,entails,"[0.9998894333839417, 0.00011055423237849027]","[0.40143969655036926, 0.5985602736473083]"
235,"The team will make further observations with ground-based telescopes and the Hubble Space Telescope to confirm whether the quasar is as it appears or if the image is being distorted by gravity from another object, an effect known as gravitational lensing.",A telescope is used to make objects in space appear closer.,neutral,neutral,entails,"[0.9985272884368896, 0.001472715986892581]","[0.2998640835285187, 0.7001359462738037]"
251,C calorie A unit of energy used to express the energy yield of foods and energy expenditure by the body.,The energy content of foods is often expressed in calories.,entails,entails,neutral,"[0.07358544319868088, 0.9264145493507385]","[0.9771158695220947, 0.022884124889969826]"
265,"Following an extended introduction to general anatomical, physiological and chemical organization, the skin, skeletal, muscular, digestive and endocrine systems are studied.","Together, the muscular and skeletal organs are known as the musculoskeletal system.",neutral,neutral,entails,"[0.9999915957450867, 8.375469406018965e-06]","[0.3366735875606537, 0.6633264422416687]"
275,Well actually other than in mating season peacocks are solitary birds.,Birds pair up with the same bird in mating season.,neutral,neutral,entails,"[0.9913458824157715, 0.008654105477035046]","[0.0007891133427619934, 0.9992108941078186]"
279,Hookworms are one of the most harmful intestinal parasite of dogs.,A hookworm is classified as a parasite.,entails,entails,neutral,"[0.47027888894081116, 0.5297210812568665]","[0.9075283408164978, 0.0924716666340828]"
281,"Greek seismologists, however, have disputed the intensity of yesterday's tremor, claiming it registered 6.8 and not 5.8 on the Richter scale as Turkish seismologists reported, while experts in Strasbourg say the quake measured 6.1.",Seismologists originally measured the intensity of an earthquake with the mercalli scale.,neutral,neutral,entails,"[0.864990234375, 0.135009765625]","[0.2738610804080963, 0.7261389493942261]"
283,kinetic (energy in motion) (drop ball),Kinetic energy is the energy of motion.,entails,entails,neutral,"[0.004843497183173895, 0.9951565265655518]","[0.9966316819190979, 0.0033683008514344692]"
285,The wavelength is the linear distance from one point on a wave to the next corresponding point of the next wave.,Wavelength is the distance between two corresponding points of adjacent waves called.,entails,entails,neutral,"[0.1858113557100296, 0.8141886591911316]","[0.7681847214698792, 0.23181530833244324]"
287,Geothermal Education Office Geothermal energy is the immense source of natural heat that is ever-generating inside the earth.,Geothermal power is generated via underground sources of heat.,entails,entails,neutral,"[0.30690091848373413, 0.6930990815162659]","[0.9968748688697815, 0.0031251441687345505]"
296,"The spleen also acts like a filter, collecting and removing immature or worn out blood cells.",The main function of the spleen is to filter the blood and remove unwanted red blood cells.,entails,entails,neutral,"[0.00018245565297547728, 0.9998175501823425]","[0.904276430606842, 0.09572354704141617]"
297,Benthos live on the bottom ( epifauna ) or within the sediments ( infauna ).,Living things on the ocean floor are known as benthos.,entails,entails,neutral,"[0.05723618343472481, 0.9427638053894043]","[0.9999669194221497, 3.307511724415235e-05]"
306,Subject matter wherein the light is randomly scattered as it passes through the modifier.,Translucent matter transmits light but scatters the light as it passes through.,neutral,neutral,entails,"[0.5877025723457336, 0.41229742765426636]","[0.40533795952796936, 0.594662070274353]"
327,The Skeletal and Muscular Systems The MUSCULAR and SKELETAL SYSTEMS make up the framework of the body.,"Together, the muscular and skeletal organs are known as the musculoskeletal system.",neutral,neutral,entails,"[0.9949846863746643, 0.005015302449464798]","[0.07452379912137985, 0.9254761934280396]"
333,"Benthos Collectively, those plants and animals, usually invertebrates, living on or near the bottom of the bay or ocean (benthic, adj.).",Living things on the ocean floor are known as benthos.,entails,entails,neutral,"[0.00024037410912569612, 0.9997596144676208]","[0.9921453595161438, 0.00785461813211441]"
334,"To  understand how the plasma membrane controls what crosses into or out of the cell, you need to know its  composition.",The plasma membrane controls what goes in and out of a cell.,entails,entails,neutral,"[0.001126464456319809, 0.9988735318183899]","[0.9310847520828247, 0.0689152404665947]"
335,Light photons after entering into the skin interact with matter for multiple scattering events.,Translucent matter transmits light but scatters the light as it passes through.,neutral,neutral,entails,"[0.9796858429908752, 0.020314162597060204]","[0.26876458525657654, 0.7312353849411011]"
340,The penis consists mainly of three cylindrical bodies of erectile tissue ( spongy tissue full of tiny blood vessels ) that run the length of the organ .,"The human penis contains the urethra, as well as three cylinders of spongy erectile tissue.",entails,entails,neutral,"[0.028021225705742836, 0.9719787836074829]","[0.6527703404426575, 0.34722965955734253]"
341,Wind is the movement of air parallel to the Earth's surface.,You call air flowing over earth’s surface wind.,entails,entails,neutral,"[0.005201247055083513, 0.9947987794876099]","[0.932132363319397, 0.06786764413118362]"
343,"Upwelling is a process in which deep, cold water rises toward the surface.",Upwelling is the term for when deep ocean water rises to the surface.,entails,entails,neutral,"[5.832743732447909e-10, 1.0]","[0.6262315511703491, 0.3737684488296509]"
345,"Chemists often use as a unit of pressure the torr , which equals 1 mm of change in the height of the mercury column of a barometer or manometer.",A torr is a unit used to measure pressure.,entails,entails,neutral,"[0.006523695308715105, 0.9934763312339783]","[0.8536693453788757, 0.14633066952228546]"
349,"A unit of pressure, the torr, is named for Torricelli.",A torr is a unit used to measure pressure.,entails,entails,neutral,"[0.09343741834163666, 0.9065625667572021]","[0.673194944858551, 0.3268050253391266]"
350,the Richter scale for measuring the intensity of earthquakes;,Seismologists originally measured the intensity of an earthquake with the mercalli scale.,neutral,neutral,entails,"[0.9769037961959839, 0.02309621311724186]","[0.17270423471927643, 0.8272957801818848]"
354,"When a snake flicks its tongue, it is smelling the air.",Snakes use their tongue to smell things.,entails,entails,neutral,"[0.0047340793535113335, 0.9952659010887146]","[0.9621725678443909, 0.03782745078206062]"
355,The spleen is an important area because it filters and removes defective T cells from the blood.,The main function of the spleen is to filter the blood and remove unwanted red blood cells.,entails,entails,neutral,"[0.04562365636229515, 0.9543763399124146]","[0.9225190877914429, 0.07748094201087952]"
357,"Spleen The spleen is an organ in the upper abdominal cavity that plays an important role in storing red blood cells, as well as filtering out old  red blood cells from the circulating blood supply.",The main function of the spleen is to filter the blood and remove unwanted red blood cells.,entails,entails,neutral,"[0.03199690207839012, 0.9680030941963196]","[0.9868378043174744, 0.013162191025912762]"
361,"Upwelling Upwelling is defined as the rising of nutrient-rich water toward the sea surface (Lalli and Parsons, 1993).",Upwelling is the term for when deep ocean water rises to the surface.,entails,entails,neutral,"[2.0125431547057815e-05, 0.9999798536300659]","[0.9963196516036987, 0.003680360270664096]"
367,"Quantum mechanics is a set of principles describing physical reality at the atomic level of matter (molecules and atoms) and the subatomic (electrons, protons, and even smaller particles).",The specialized study of the motion of objects that are atomic/subatomic in size is called quantum mechanics.,entails,entails,neutral,"[0.31926217675209045, 0.6807378530502319]","[0.7653012871742249, 0.23469874262809753]"
368,Snakes smell scents in the air using their forked  tongue (see Figure 19.22).,Snakes use their tongue to smell things.,entails,entails,neutral,"[0.050949178636074066, 0.9490508437156677]","[0.9549899101257324, 0.045010101050138474]"
371,"Plants with a vascular system, a system of veins                 for transporting nutrients throughout the organism.",Trees need the vascular to transport nutrients.,entails,entails,neutral,"[5.7398319768253714e-05, 0.9999426007270813]","[0.8737003207206726, 0.126299649477005]"
376,"Coffee is traded on the Future's Market and is one of the largest commodities traded in the world, second to oil.",The everyday beverage coffee is a commodity second only to oil in worldwide trade.,entails,entails,neutral,"[0.016415070742368698, 0.9835849404335022]","[0.7869391441345215, 0.2130608707666397]"
385,The energy of motion is kinetic energy.,Kinetic energy is the energy of motion.,entails,entails,neutral,"[0.00025603524409234524, 0.9997439384460449]","[0.9512166976928711, 0.04878329858183861]"
388,1) Cell surface (plasma membrane),The plasma membrane controls what goes in and out of a cell.,neutral,neutral,entails,"[0.9750381112098694, 0.024961914867162704]","[0.46457383036613464, 0.535426139831543]"
389,"Along with pictures we have interpretive signs explaining the meaning of ectothermy, the lack of slime on reptiles, that snakes are unable to blink, that snakes smell with their tongue, the shedding process in snakes, and hibernation.",Snakes use their tongue to smell things.,entails,entails,neutral,"[0.009605027735233307, 0.9903949499130249]","[0.9994873404502869, 0.0005126442993059754]"
390,Voltage is the measure of electric potential.,We use voltage to keep track of electric potential energy.,entails,entails,neutral,"[0.018789613619446754, 0.9812104105949402]","[0.9522541761398315, 0.04774582386016846]"
402,"In Table 1, the psychoactive drugs most widely used by humans -- caffeine, alcohol, nicotine, marijuana, and benzodiazepines -- are those that animals are least likely to self-administer in the laboratory.",Caffeine and alcohol are two examples of a psychoactive.,entails,entails,neutral,"[0.40686851739883423, 0.593131422996521]","[0.986682653427124, 0.013317369855940342]"
409,"The Cytoskeleton Learn that the cytoskeleton acts both a muscle and a skeleton, and is responsible for cell movement, cytokinesis, and the organization of the organelles within the cell.",The cytoskeleton holds cell organelles in place within the cytoplasm.,entails,entails,neutral,"[0.33285975456237793, 0.6671402454376221]","[0.7348592281341553, 0.2651407718658447]"
422,write(' calorie A unit of measurement for the energy content of foods.,The energy content of foods is often expressed in calories.,entails,entails,neutral,"[0.16292981803417206, 0.8370701670646667]","[0.9977397322654724, 0.00226024491712451]"
424,"In general, disinfectants can be divided into seven major categories.",Mollusks can be divided into seven classes.,neutral,neutral,entails,"[0.9996711611747742, 0.00032881711376830935]","[0.046742651611566544, 0.9532573223114014]"
432,The plasma membrane controls the movement of solutes between the cell and the extracellular solution.,The plasma membrane controls what goes in and out of a cell.,entails,entails,neutral,"[0.0003180899075232446, 0.9996818900108337]","[0.7138757109642029, 0.2861242890357971]"
433,Calories are the measurement used to express the energy delivered by food.,The energy content of foods is often expressed in calories.,entails,entails,neutral,"[0.009269826114177704, 0.9907301664352417]","[0.9945452809333801, 0.005454719997942448]"
434,The cranium is the skull that completely contains and protects the brain.,The cranium (skull) protect(s) the brain.,entails,entails,neutral,"[0.01420518197119236, 0.9857948422431946]","[0.8342050909996033, 0.16579490900039673]"
437,"Meiosis, egg, sperm, and zygote","Gametogenesis, the production of sperm and eggs, takes place through the process of meiosis.",neutral,neutral,entails,"[0.5771380066871643, 0.4228620231151581]","[0.02622174844145775, 0.973778247833252]"
449,"The torr, a unit of pressure used in vacuum measurements, is named after him.",A torr is a unit used to measure pressure.,entails,entails,neutral,"[7.841144906706177e-06, 0.9999921321868896]","[0.5356420278549194, 0.46435803174972534]"
454,"A solution with pH of 7 is neutral, pH values higher than 7 are basic and pH values lower than 7 are acidic.",The ph scale measures acids and bases and has 7 as a neutral value.,entails,entails,neutral,"[0.004506841767579317, 0.9954931735992432]","[0.7894647717475891, 0.2105352133512497]"
490,The spleen is responsible for removing old red blood cells.,The main function of the spleen is to filter the blood and remove unwanted red blood cells.,entails,entails,neutral,"[0.0006612955476157367, 0.999338686466217]","[0.9586783051490784, 0.04132169485092163]"
500,Upwelling Movement of nutrient-rich bottom water to the ocean's surface.,Upwelling is the term for when deep ocean water rises to the surface.,entails,entails,neutral,"[0.0007285754545591772, 0.9992714524269104]","[0.9987792372703552, 0.001220765640027821]"
515,Add several tributaries (small streams) that will feed into your river as it heads downstream.,Tributaries is the term for small streams.,entails,entails,neutral,"[0.2528371810913086, 0.7471628189086914]","[0.999134361743927, 0.0008656398276798427]"
516,"pH A measure of the hydrogen-ion activity in a solution, expressed as the negative log10 of hydrogen ion concentration on a scale of 0 (highly acidic) to 14 (highly basic) with a pH of 7  being neutral.",The ph scale measures acids and bases and has 7 as a neutral value.,entails,entails,neutral,"[0.0030598568264395, 0.9969401359558105]","[0.907000720500946, 0.09299930930137634]"
517,"T he penis consists of three tubes of tissue, one containing the urethra and two long tubes filled with spongy tissue, called corpora, which swell when engorged with blood, producing an erection.","The human penis contains the urethra, as well as three cylinders of spongy erectile tissue.",entails,entails,neutral,"[0.1526341736316681, 0.8473657965660095]","[0.9505835771560669, 0.049416445195674896]"
518,Hookworm Hookworms are intestinal parasites that take their name from the hooklike appendages surrounding their mouths.,A hookworm is classified as a parasite.,entails,entails,neutral,"[0.009225129149854183, 0.9907748699188232]","[0.9024002552032471, 0.09759971499443054]"
523,"The unit of pressure, torr, is the same as a millimeter of pressure.",A torr is a unit used to measure pressure.,entails,entails,neutral,"[0.00030855010845698416, 0.9996914267539978]","[0.5431907773017883, 0.45680922269821167]"
529,Hookworms are parasites that thrive in the small intestine .,A hookworm is classified as a parasite.,entails,entails,neutral,"[0.35116133093833923, 0.6488386392593384]","[0.9973986148834229, 0.0026013932656496763]"
532,This is a matter on which I dare not pass judgment lightly.,Translucent matter transmits light but scatters the light as it passes through.,neutral,neutral,entails,"[1.0, 2.3635491785967133e-08]","[0.18001282215118408, 0.8199871778488159]"
537,"HUMAN ANATOMY Chemical organization of the body, Body tissue, Skeletal system, Muscular system.","Together, the muscular and skeletal organs are known as the musculoskeletal system.",neutral,neutral,entails,"[0.999915361404419, 8.460941899102181e-05]","[0.158110111951828, 0.8418899178504944]"
538,Other igneous rocks including felsic dykes are discussed later .,"Felsic igneous rocks contain felsic minerals, typically contain aluminum and sodium and are high in silica.",neutral,neutral,entails,"[0.9994361400604248, 0.0005638733855448663]","[0.27777037024497986, 0.7222296595573425]"
543,Like the Richter scale to measure the intensity of an earthquake.,Seismologists originally measured the intensity of an earthquake with the mercalli scale.,neutral,neutral,entails,"[0.9438546299934387, 0.05614534392952919]","[0.06815837323665619, 0.9318416118621826]"
551,Tributary A stream draining into a larger stream.,Tributaries is the term for small streams.,entails,entails,neutral,"[0.000341088481945917, 0.9996588826179504]","[0.999963641166687, 3.634020686149597e-05]"
567,Mechanical waves transport energy through a medium.,Matter that mechanical wave energy can only travel through is medium.,entails,entails,neutral,"[0.0001921032671816647, 0.9998078942298889]","[0.9969862103462219, 0.003013813169673085]"
568,"Ribosomes are composed of two complex subunits, each of which includes rRNA and protein components.","A ribosome consists of two elements, rrna and proteins.",entails,entails,neutral,"[5.127109830027621e-07, 0.999999463558197]","[0.5145456194877625, 0.48545441031455994]"
581,"Electric motor An electric motor , is a machine which converts electrical energy into mechanical (rotational or kinetic) energy.",Electric motors transform electrical energy into kinetic energy.,entails,entails,neutral,"[0.000710221822373569, 0.9992897510528564]","[0.9997228384017944, 0.0002771657891571522]"
584,"Upwelling upward movement of deep (abyssal), cold water to the surface.",Upwelling is the term for when deep ocean water rises to the surface.,entails,entails,neutral,"[4.831365731661208e-05, 0.9999516606330872]","[0.9971418976783752, 0.002858127932995558]"
588,"The upwelling along the eastern boundary of the ocean is caused by persistent winds from the northwest that transport water offshore, allowing deeper water to rise to the surface.",Upwelling is the term for when deep ocean water rises to the surface.,entails,entails,neutral,"[2.1964551706332713e-06, 0.9999977946281433]","[0.803518533706665, 0.19648149609565735]"
590,"Excess calories tend to be carbohydrates and fat, often dairy and wheat-based foods with high sugar content.",The energy content of foods is often expressed in calories.,neutral,neutral,entails,"[0.7012730240821838, 0.29872697591781616]","[0.2857026755809784, 0.714297354221344]"
593,Ribosomes are small organelles containing 50% ribosomal RNA (rRNA) and 50% protein.,"A ribosome consists of two elements, rrna and proteins.",entails,entails,neutral,"[0.00013144627155270427, 0.9998685717582703]","[0.8160419464111328, 0.1839580535888672]"
594,"Bacteria can be used to degrade toxic compounds, such as heavy metals, organic compounds, phosphorus, ammonia or other pollutants.",An amine is an organic compound that can be considered to be a derivative of ammonia.,neutral,neutral,entails,"[0.9951777458190918, 0.004822225775569677]","[0.4440692067146301, 0.5559307932853699]"
595,"Geothermal power plants use the Earth's natural underground heat to provide clean, renewable energy.",Geothermal power is generated via underground sources of heat.,entails,entails,neutral,"[0.0005584958707913756, 0.9994415044784546]","[0.9879196882247925, 0.012080337852239609]"
598,An electric motor converts electrical energy to kinetic energy.,Electric motors transform electrical energy into kinetic energy.,entails,entails,neutral,"[0.00028510091942735016, 0.9997149109840393]","[0.9903213381767273, 0.009678659029304981]"
603,Carbon-13 has 6 protons and 7 neutrons.,A carbon atom with 6 protons and 8 neutrons is more specifically known as carbon 14.,neutral,neutral,entails,"[0.9731553196907043, 0.02684468775987625]","[0.11921131610870361, 0.8807886838912964]"
609,A eukaryotic ribosome is composed of five kinds of rRNA and about eighty kinds of proteins.,"A ribosome consists of two elements, rrna and proteins.",entails,entails,neutral,"[1.3692833817913197e-06, 0.9999986290931702]","[0.7675110101699829, 0.23248900473117828]"
612,"The spleen acts as a filter against foreign organisms that infect the bloodstream, and also filters out old red blood cells from the bloodstream and decomposes them.",The main function of the spleen is to filter the blood and remove unwanted red blood cells.,entails,entails,neutral,"[0.0008767470135353506, 0.9991232752799988]","[0.9948145747184753, 0.005185448564589024]"
618,Voltage is a measure of electric potential energy that makes electric charges flow through a circuit.,We use voltage to keep track of electric potential energy.,entails,entails,neutral,"[0.0023131005000323057, 0.9976869225502014]","[0.6325879096984863, 0.3674120604991913]"
619,Upwelling The movement of nutrient-rich deep sea water to the ocean's surface.,Upwelling is the term for when deep ocean water rises to the surface.,entails,entails,neutral,"[0.0001016311944113113, 0.999898374080658]","[0.7402700185775757, 0.25972995162010193]"
622,"On the pH scale, which varies from 0-14, a very acidic solution has a low pH value, a very basic solution has a high pH value, and a neutral solution has a pH of approximately 7.",The ph scale measures acids and bases and has 7 as a neutral value.,entails,entails,neutral,"[0.010509401559829712, 0.9894905686378479]","[0.5952394604682922, 0.40476053953170776]"
632,"In our human bodies, the four gametes will each have 23 chromosomes which means the 46 chromosomes in the somatic cell must replicate during interphase prior to meiosis just as they would before mitosis.","Other than gametes, normal human cells have a total of 46 chromosomes per cell.",entails,entails,neutral,"[0.021006498485803604, 0.9789934754371643]","[0.891963005065918, 0.10803699493408203]"
637,The second and more familiar method of measuring earthquake intensity is the Richter Scale of Magnitude.,Seismologists originally measured the intensity of an earthquake with the mercalli scale.,neutral,neutral,entails,"[0.9970536231994629, 0.0029463658574968576]","[0.21514162421226501, 0.7848584055900574]"
640,Snakes use their tongues to smell.,Snakes use their tongue to smell things.,entails,entails,neutral,"[1.2260673543096345e-07, 0.9999998807907104]","[0.9511597752571106, 0.04884025454521179]"
648,The produced cation and anion can combine together making a chemical ionic compound.,"When naming an ionic compound, the cation is written first.",neutral,neutral,entails,"[0.8085916638374329, 0.19140832126140594]","[0.23715081810951233, 0.7628492116928101]"
649,"By definition, wavelength is the distance between two points of corresponding phase in consecutive cycles.",Wavelength is the distance between two corresponding points of adjacent waves called.,entails,entails,neutral,"[0.03653641790151596, 0.9634636044502258]","[0.8133910298347473, 0.1866089552640915]"
652,The benthos is an aggregation of organisms living on or at the bottom of a body of water.,Living things on the ocean floor are known as benthos.,entails,entails,neutral,"[0.00011601555161178112, 0.9998840093612671]","[0.9981480836868286, 0.0018519449513405561]"
653,Turbidity is caused by suspended solid matter which scatters light passing through the water.,Translucent matter transmits light but scatters the light as it passes through.,neutral,neutral,entails,"[0.9872370958328247, 0.01276288740336895]","[0.1376260370016098, 0.862373948097229]"
654,"The human musculoskeletal system (also known as the locomotor system, and previously the activity system) is an organ system that gives humans the ability to move using their muscular and skeletal systems.","Together, the muscular and skeletal organs are known as the musculoskeletal system.",entails,entails,neutral,"[0.000368809123756364, 0.9996311664581299]","[0.8733672499656677, 0.12663276493549347]"
656,Substitution reaction (also known as single displacement reaction or single replacement reaction) is a chemical reaction during which one functional group in a chemical compound is replaced by another functional group.,Replace another in a molecule happens to atoms during a substitution reaction.,entails,entails,neutral,"[0.05867151916027069, 0.9413284659385681]","[0.9918619990348816, 0.0081380195915699]"
662,"Seismologists with the Iceland Meteorological Office believe that further earthquakes, measuring up to 7 on the Richter scale, could hit the same area over the next few decades.",Seismologists originally measured the intensity of an earthquake with the mercalli scale.,neutral,neutral,entails,"[0.5252963304519653, 0.47470366954803467]","[0.057674624025821686, 0.9423253536224365]"
670,"that most ocean and lake waves are caused by wind, but waves are also caused by earthquakes.",Winds causes most ocean waves.,entails,entails,neutral,"[0.08219209313392639, 0.917807936668396]","[0.9725849628448486, 0.02741502970457077]"
672,A confluence is where two or more tributaries or rivers flow together.,Two tributaries come together at a(n) confluence.,entails,entails,neutral,"[0.0007776090642437339, 0.9992223978042603]","[0.7433584928512573, 0.2566415071487427]"
673,"These, combined with traditional management measures, have the potential to reverse these trends for many species and to allow the long-term goals of building sustainable fisheries and protecting biodiversity to be achieved.",Biodiversity is the term for the measurement of the amount of variation of species in a given area.,neutral,neutral,entails,"[0.9998114705085754, 0.00018851504137273878]","[0.23253971338272095, 0.767460286617279]"
674,Benthos The plant and animal organisms that live on the sea floor.,Living things on the ocean floor are known as benthos.,entails,entails,neutral,"[0.0018806169973686337, 0.9981193542480469]","[0.9441367387771606, 0.05586325377225876]"
675,"why and how earthquakes occur, and the scales used to measure their intensity and magnitude.",Seismologists originally measured the intensity of an earthquake with the mercalli scale.,neutral,neutral,entails,"[0.9995969533920288, 0.0004030634881928563]","[0.018391361460089684, 0.9816086292266846]"
677,Voltage is the amount of stored electrical energy (potential) provided by an energy source and its units are given in Volts.,We use voltage to keep track of electric potential energy.,entails,entails,neutral,"[0.021942172199487686, 0.9780578017234802]","[0.7876570224761963, 0.2123429924249649]"
680,"Other parasites have included hookworm, bilharzia, and malaria.",A hookworm is classified as a parasite.,entails,entails,neutral,"[0.4402788281440735, 0.5597212314605713]","[0.9925329089164734, 0.007467100862413645]"
682,"Glycolysis, Fermentation, Krebs cycle, Anaerobic respiration, Aerobic Respiration 50.",Glycolysis is a series of reactions that is common to fermentation and cellular respiration.,neutral,neutral,entails,"[0.764080822467804, 0.23591917753219604]","[0.33560651540756226, 0.6643934845924377]"
687,"The answer is upwelling -- a movement of deep, nutrient rich water to the surface.",Upwelling is the term for when deep ocean water rises to the surface.,entails,entails,neutral,"[0.0010656709782779217, 0.9989343285560608]","[0.9560410380363464, 0.043958939611911774]"
697,A projectile launched at 75 will have the same horizontal range as a projectile launched with the same speed at 15 .,Range is the maximum horizontal distance traveled by a projectile.,neutral,neutral,entails,"[0.9953051209449768, 0.004694893024861813]","[0.09754215180873871, 0.9024578332901001]"
699,"Mass and volume are examples of extensive properties , which are defined as properties the values of which depend upon the amount (extent) of substance present.",The extensive property is a property that depends on the amount of matter in a sample.,entails,entails,neutral,"[0.24267610907554626, 0.7573239207267761]","[0.6684750914573669, 0.33152493834495544]"
700,Most often they are caused by diets inadequate in calories and especially limited in their content of foods rich in vitamin A and iron.,The energy content of foods is often expressed in calories.,neutral,neutral,entails,"[0.9078364968299866, 0.09216352552175522]","[0.050575897097587585, 0.9494240880012512]"
701,Prokaryotic Cells are cells that have to have organelles that are not surrounded by a membrane and do have ribosomes.,Prokaryotes are unicellular organisms that lack organelles surrounded by membranes.,entails,entails,neutral,"[0.004921050742268562, 0.9950789213180542]","[0.8713927268981934, 0.12860728800296783]"
708,An ionic compound is named by its cation followed by its anion.,"When naming an ionic compound, the cation is written first.",entails,entails,neutral,"[0.061788979917764664, 0.9382110238075256]","[0.5306419730186462, 0.46935805678367615]"
710,"The detection of smaller objects will require the use of new instruments, such as the James Webb Space Telescope, which is scheduled for deployment in 2018.",A telescope is used to make objects in space appear closer.,neutral,neutral,entails,"[0.9998495578765869, 0.00015044771134853363]","[0.2965008318424225, 0.7034991979598999]"
711,"Biodiversity is most commonly discussed in terms of the number of species, but it can also be phrased in terms of the amount of phenotypic (e.g., physiological, morphological) space that a given set of species occupies (see also Cambrian explosion).",Biodiversity is the term for the measurement of the amount of variation of species in a given area.,entails,entails,neutral,"[0.000198180612642318, 0.9998018145561218]","[0.8102052211761475, 0.18979479372501373]"
715,The benthos is made up of marine organisms that live on or near the sea floor.,Living things on the ocean floor are known as benthos.,entails,entails,neutral,"[0.0009961576433852315, 0.9990038275718689]","[0.9018144607543945, 0.09818551689386368]"
716,"Snakes use their forked tongues to &quot;smell&quot; or &quot;taste,&quot; constantly flicking them to pick up any air-borne particles and odors.",Snakes use their tongue to smell things.,entails,entails,neutral,"[8.216960850404575e-05, 0.9999178051948547]","[0.5956864953041077, 0.40431350469589233]"
717,This important matter is passed over lightly at the present time.,Translucent matter transmits light but scatters the light as it passes through.,neutral,neutral,entails,"[0.9999999403953552, 5.075047582181469e-08]","[0.3694165050983429, 0.6305835247039795]"
720,kinetic energy -energy of motion of an object.,Kinetic energy is the energy of motion.,entails,entails,neutral,"[0.00041625314042903483, 0.9995837211608887]","[0.9007387757301331, 0.09926124662160873]"
726,"Fractional Urea Excretion (FEUN), Plasma or Serum and Urine",Urea is made in the liver and excreted in urine.,neutral,neutral,entails,"[0.9822073578834534, 0.017792636528611183]","[0.03494805470108986, 0.9650519490242004]"
727,"Thus, in this part of the lesson, the method for determining the slope of a line on a velocity-time graph will be discussed.","In a position-time graph, the slope of the line represents the velocity.",neutral,neutral,entails,"[0.8410437107086182, 0.15895627439022064]","[0.1742016226053238, 0.8257983922958374]"
730,"fracking, or hydraulic fracturing  The cracking open of undergound rocks by introducing liquid at high pressure, especially to extract natural gas.",Fracking delivers natural gas from rock that might not otherwise be obtainable.,entails,entails,neutral,"[0.015271457843482494, 0.9847285151481628]","[0.5602939128875732, 0.43970605731010437]"
742,Joints are located wherever two or more bones meet.,Joints are the location where bones come together.,entails,entails,neutral,"[0.00015578244347125292, 0.9998441934585571]","[0.8767607808113098, 0.12323923408985138]"
753,The spleen filters bacteria and particulate matter (especially deteriorated red blood cells) from the blood.,The main function of the spleen is to filter the blood and remove unwanted red blood cells.,entails,entails,neutral,"[0.042321451008319855, 0.9576785564422607]","[0.9982208609580994, 0.001779148355126381]"
758,"Producers are autotrophs, and they capture and transform energy by photosynthesis and absorb dissolved carbon dioxide, and use energy from the sun, to convert the carbon into organic molecules, thus supplying food for themselves and all other organisms that live in the stream.",You call organisms that store chemical energy in carbohydrate food molecules they produce themselves autotrophs.,entails,entails,neutral,"[0.011620143428444862, 0.9883798360824585]","[0.9518406391143799, 0.048159368336200714]"
763,Hookworms are also parasites.,A hookworm is classified as a parasite.,entails,entails,neutral,"[0.053090162575244904, 0.9469098448753357]","[0.9994027614593506, 0.000597258796915412]"
764,"Because a bird needs a safe place to lay its eggs, a bird builds a nest.",Birds build nests to safe place.,entails,entails,neutral,"[0.375569611787796, 0.6244303584098816]","[0.9968045949935913, 0.003195414552465081]"
766,Vapor pressures are measured in torr or in millimeters of mercury (mm Hg) at a certain temperature.,A torr is a unit used to measure pressure.,entails,entails,neutral,"[0.007292698137462139, 0.9927073121070862]","[0.8915311694145203, 0.10846880823373795]"
767,An electrical current activates a voice-coil (a solenoid or coil of wire that gives the speaker its voice) that acts as an electromagnet which is wrapped around a permanent magnet.,A solenoid or coil wrapped around iron or certain other metals can form a(n) electromagnet.,entails,entails,neutral,"[0.42899250984191895, 0.571007490158081]","[0.7069188952445984, 0.2930810749530792]"
768,"They fall off after pollen is dispersed, leaving the ovate (female) cones to develop into familiar seed bearing pine cones.",The end of a pine tree branch bears the male cones that produce pollen.,neutral,neutral,entails,"[0.762997567653656, 0.2370024025440216]","[0.0783085823059082, 0.9216914176940918]"
772,"Muscular strength is the ability of a muscle to exert force for a brief period of time, while muscular endurance is a muscle's (or group of muscles') ability to sustain repeated contractions or to continue to apply force against a fixed object.","Strength, the ability of a muscle to use force during a contraction, differs from endurance, meaning the ability of a muscle to continue to contract over time without getting tired.",entails,entails,neutral,"[0.00402190163731575, 0.9959781169891357]","[0.9587540030479431, 0.041245996952056885]"
773,"Identify that a population consists of all the individuals of a species that occur together at a given place and time, and that populations living together form a community.",All the members of a species that live in the same area form a population.,entails,entails,neutral,"[0.0015268268762156367, 0.9984731674194336]","[0.9928665161132812, 0.00713347177952528]"
774,"The distance between two successive wave crests and troughs is called the wavelength , L .",Wavelength is the distance between two corresponding points of adjacent waves called.,entails,entails,neutral,"[0.3790552616119385, 0.6209447383880615]","[0.6070474982261658, 0.3929525315761566]"
777,"The male pine cones, which dangle at the ends of lower branches, have many pollen sacks which produce and hold pollen.",The end of a pine tree branch bears the male cones that produce pollen.,entails,entails,neutral,"[0.0013808923540636897, 0.9986190795898438]","[0.9938778877258301, 0.006122116930782795]"
786,gas A state of matter that possesses particles that that are free to move about with no forces holding them together.,Particles in the gas state of matter do not experience any force of mutual attraction or repulsion.,entails,entails,neutral,"[0.022179678082466125, 0.9778203368186951]","[0.9953406453132629, 0.004659382626414299]"
788,"Gluconeogenesis synthesizes glucose from pyruvate, and glycolysis converts glucose into pyruvate.","Gluconeogenesis is the synthesis of glucose from pyruvate, lactate and glycerol.",entails,entails,neutral,"[0.0006084666820243001, 0.9993915557861328]","[0.9988698363304138, 0.001130144577473402]"
798,"The primary facility of the building is a subterranean, multipurpose ballroom that can be divided into as many as seven rooms.",Mollusks can be divided into seven classes.,neutral,neutral,entails,"[0.996741533279419, 0.0032584902364760637]","[0.05029408633708954, 0.9497058987617493]"
806,"Aer (air), Hermogenes, may be explained as the element which raises (airei) things from the earth, or as ever flowing (aei rei), or because the flux of the air is wind, and the poets call the winds 'air- blasts,' (aetai);",You call air flowing over earth’s surface wind.,neutral,neutral,entails,"[0.9997923970222473, 0.00020761943596880883]","[0.08263373374938965, 0.9173662662506104]"
809,"Each molecule contains the genes for two ribosomal RNAs (s-rRNA and l- rRNA), 22 transfer RNAs (tRNAs) and 12 proteins, all of which are transcribed in the same direction.","A ribosome consists of two elements, rrna and proteins.",entails,entails,neutral,"[0.04872725158929825, 0.95127272605896]","[0.7373489141464233, 0.26265108585357666]"
814,"It addition, it can break the self-perpetuating chain of oxidative reactions initiated by damage to unsaturated fatty acids in our membranes.",Unsaturated fatty acids have bent chains.,neutral,neutral,entails,"[0.9705684185028076, 0.02943158894777298]","[0.29722702503204346, 0.7027729749679565]"
817,"Many anaerobic organisms are obligate anaerobes, meaning that they can respire only using anaerobic compounds and will die in the presence of oxygen.",A(n) anaerobic organism does not need oxygen for growth and dies in its presence.,entails,entails,neutral,"[0.022636573761701584, 0.9773634076118469]","[0.9901021718978882, 0.009897811338305473]"
829,Kinetic energy is energy associated with motion.,Kinetic energy is the energy of motion.,entails,entails,neutral,"[1.5942656972356417e-08, 1.0]","[0.9476969838142395, 0.0523030161857605]"
831,Hookworm Infections in Cats Hookworms are intestinal parasites of the cat (and dog).,A hookworm is classified as a parasite.,entails,entails,neutral,"[0.15220025181770325, 0.8477997779846191]","[0.9997247457504272, 0.0002752245054580271]"
837,"The cold, deep waters from below rise to the surface to replace these diverted waters, causing upwelling.",Upwelling is the term for when deep ocean water rises to the surface.,entails,entails,neutral,"[0.0012031336082145572, 0.9987968802452087]","[0.977689802646637, 0.02231018804013729]"
840,Geothermal energy taps the heat that exists deep underground.,Geothermal power is generated via underground sources of heat.,entails,entails,neutral,"[0.1156805008649826, 0.8843194842338562]","[0.9972331523895264, 0.0027668417897075415]"
850,The chemical energy of foods is most often expressed in units of calories or kilocalories (kcal).,The energy content of foods is often expressed in calories.,entails,entails,neutral,"[5.360044815461151e-05, 0.9999464154243469]","[0.5949753522872925, 0.4050246775150299]"
852,The copperhead like all other snakes has a forked tongue which it uses to smell and touch.,Snakes use their tongue to smell things.,entails,entails,neutral,"[0.3776203691959381, 0.6223796010017395]","[0.9620035290718079, 0.03799644857645035]"
857,"Galileo constructed his first telescope, which made objects appear three times nearer and larger, and used it to make his first astronomical observations.",A telescope is used to make objects in space appear closer.,entails,entails,neutral,"[0.2875617742538452, 0.7124382257461548]","[0.7241681218147278, 0.27583184838294983]"
877,"torr A unit of measure of pressure, 760 Torr is standard pressure at sea level transmission microscope A microscope in which the image-forming rays pass through (are transmitted by) the specimen being observed.",A torr is a unit used to measure pressure.,entails,entails,neutral,"[0.00015305426495615393, 0.9998469352722168]","[0.9860524535179138, 0.013947529718279839]"
886,Wind Wind refers to the horizontal movement of air across the earth's surface.,You call air flowing over earth’s surface wind.,entails,entails,neutral,"[0.030140146613121033, 0.9698598384857178]","[0.9841288924217224, 0.01587112434208393]"
891,"Wavelength is the distance measured along the line of propagation, between the crests of two adjacent waves (Figure 1).",Wavelength is the distance between two corresponding points of adjacent waves called.,entails,entails,neutral,"[0.00013844524801243097, 0.9998615384101868]","[0.8470838069915771, 0.15291619300842285]"
892,The penis mostly consists of the urethra and three cylindrical bodies of erectile tissues.,"The human penis contains the urethra, as well as three cylinders of spongy erectile tissue.",entails,entails,neutral,"[0.2191351056098938, 0.7808648943901062]","[0.9996447563171387, 0.00035526396823115647]"
898,Nuclide A general term referring to any nucleus plus its orbital electrons.,The different types of nuclei are referred to as nuclides.,entails,entails,neutral,"[0.00334643735550344, 0.9966535568237305]","[0.9229407906532288, 0.07705919444561005]"
899,97% of climate experts agree humans are causing global warming.,Human beings is/are the main cause of recent global warming.,entails,entails,neutral,"[0.13473963737487793, 0.8652603626251221]","[0.9984123110771179, 0.0015877019613981247]"
902,A nuclide is a type of nucleus.,The different types of nuclei are referred to as nuclides.,entails,entails,neutral,"[0.00030871047056280077, 0.9996913075447083]","[0.9586877226829529, 0.04131226986646652]"
904,"Conversely, upwelling zones are areas where the deep ocean water masses emerge to the surface.",Upwelling is the term for when deep ocean water rises to the surface.,entails,entails,neutral,"[0.0012135676806792617, 0.998786449432373]","[0.6577510237693787, 0.34224897623062134]"
905,Carbon 14 has six protons and eight neutrons.,A carbon atom with 6 protons and 8 neutrons is more specifically known as carbon 14.,entails,entails,neutral,"[0.0010181264951825142, 0.9989818930625916]","[0.5462606549263, 0.45373937487602234]"
911,The benthos are organisms (animals and plants) that live on the sea floor.,Living things on the ocean floor are known as benthos.,entails,entails,neutral,"[0.002092427108436823, 0.9979075789451599]","[0.9995812773704529, 0.00041874617454595864]"
914,"Biodiversity is the variation and variety of genes, organisms and species found in an ecosystem.",Biodiversity is the term for the measurement of the amount of variation of species in a given area.,entails,entails,neutral,"[0.0004396932490635663, 0.9995602965354919]","[0.915982723236084, 0.08401725441217422]"
915,"Another common unit of pressure is the torr, or millimeter of mercury.",A torr is a unit used to measure pressure.,entails,entails,neutral,"[0.0001683914742898196, 0.9998316168785095]","[0.5246464610099792, 0.47535353899002075]"
916,"In humans and other mammal species, sex is determined by two sex chromosomes called the X chromosome and the Y chromosome.",Mammalian sex determination is determined genetically by the presence of chromosomes identified by the letters x and y.,entails,entails,neutral,"[0.16802766919136047, 0.8319723010063171]","[0.6354547739028931, 0.36454519629478455]"
930,Snakes don't sting or use their forked tongues as weapons.,Snakes use their tongue to smell things.,neutral,neutral,entails,"[0.7343819737434387, 0.26561805605888367]","[0.04892904683947563, 0.9510709643363953]"
932,"Disc 1, Side A Enzymes and Substrates, Disc 1, Side A Life and Energy, Disc 1, Side B Cellular Respiration, Glycolysis and Fermentation, Aerobic Respiration;",Glycolysis is a series of reactions that is common to fermentation and cellular respiration.,neutral,neutral,entails,"[0.9986596703529358, 0.0013403567718341947]","[0.04048643633723259, 0.9595135450363159]"
936,benthos The aggregate of organisms living on or at the bottom of a body of water.,Living things on the ocean floor are known as benthos.,entails,entails,neutral,"[5.313878500601277e-05, 0.9999468326568604]","[0.9597668647766113, 0.04023311659693718]"
937,"Chromosomes come in pairs, and a normal human cell contains 46 chromosomes--22 pairs of autosomes and two sex chromosomes.","Other than gametes, normal human cells have a total of 46 chromosomes per cell.",entails,entails,neutral,"[0.23664173483848572, 0.7633582353591919]","[0.7541303634643555, 0.2458696812391281]"
938,The benthos is simply a term describing all the organisms living on or in the ocean bottom.,Living things on the ocean floor are known as benthos.,entails,entails,neutral,"[3.7755686207674444e-05, 0.9999622702598572]","[0.9816178679466248, 0.01838214509189129]"
940,"With the exception of gametes, all normal cells in the human contain 46 chromosomes.","Other than gametes, normal human cells have a total of 46 chromosomes per cell.",entails,entails,neutral,"[0.0025778738781809807, 0.9974220991134644]","[0.581717312335968, 0.41828271746635437]"
947,"Many prokaryotes have an extra layer, called a capsule, outside the cell wall.",The capsule is the layer outside the cell wall in a prokaryote.,entails,entails,neutral,"[0.00019071549468208104, 0.9998092651367188]","[0.6184869408607483, 0.3815130889415741]"
957,"In the most common system a vacuum is applied to reduce the boiling point of the water, or a spray or thin film of water is exposed to high heat, causing flash evaporation;",Heat from the sun causes the most evaporation of water from a lake.,neutral,neutral,entails,"[0.9999383091926575, 6.167164974613115e-05]","[0.01379031129181385, 0.9862096905708313]"
959,"Thus the lungs oxygenate the blood, while the heart pumps it to other organs.","In your body, the heart and lungs work together to make sure that oxygen gets to all the other organs of your body.",entails,entails,neutral,"[0.14365951716899872, 0.8563404679298401]","[0.8760132789611816, 0.12398673593997955]"
963,"Fossils give us evidence about the plants and animals that lived long ago, and the nature of the environment at that time.",The presence of an animal fossil in a rock gives evidence of the time period the animal lived in.,entails,entails,neutral,"[0.3796007037162781, 0.6203992962837219]","[0.9211006760597229, 0.07889929413795471]"
968,"As water vapor rises, it becomes cooler, losing energy and forming clouds.",Water vapor must lose heat energy before clouds can form.,entails,entails,neutral,"[0.004504554904997349, 0.9954954385757446]","[0.9637503623962402, 0.03624964877963066]"
974,"So for clouds to form, water vapor must be present in the atmosphere.",Water vapor must lose heat energy before clouds can form.,neutral,neutral,entails,"[0.8840459585189819, 0.11595404148101807]","[0.009383291006088257, 0.9906167387962341]"
978,"The central nervous system acts like a telephone switchboard, sending electrical messages along the nerves to various parts of the body.",The nervous system sends electrical signals to all other body systems.,entails,entails,neutral,"[0.0985657274723053, 0.9014342427253723]","[0.9874132871627808, 0.012586715631186962]"
991,"The electrical signals of the nervous system move throughout the body to control movement, breathing, heart rate, the senses, and the ability to think and remember.",The nervous system sends electrical signals to all other body systems.,entails,entails,neutral,"[0.05489668995141983, 0.9451032876968384]","[0.8091525435447693, 0.1908474713563919]"
995,"Since some water always exists in the sales gas composition, even if only at the ppm level, any change in the atmospheric temperature or pressure can cause the water vapor to condense in the pipelines.",Water vapor exists in the atmosphere as an invisible gas,neutral,neutral,entails,"[0.9189534783363342, 0.08104652166366577]","[0.016730239614844322, 0.9832697510719299]"
1004,"In order for rain to fall, ice crystals must form in the water vapor in clouds.",Water vapor must lose heat energy before clouds can form.,neutral,neutral,entails,"[0.9295330047607422, 0.07046697288751602]","[0.12335231155157089, 0.8766477108001709]"
1019,"for water vapor to form, they must move far apart.",Water vapor must lose heat energy before clouds can form.,neutral,neutral,entails,"[0.9978339076042175, 0.0021661175414919853]","[0.02542746067047119, 0.9745725393295288]"
1023,"Plasma is very much like a gas because it, too, does not have a definite shape nor definite volume;",Gas has no definite volume and no definite shape.,entails,entails,neutral,"[0.03431282192468643, 0.9656871557235718]","[0.9566196799278259, 0.043380290269851685]"
1035,The gas phase includes water vapor and atmospheric air.,Water vapor exists in the atmosphere as an invisible gas,neutral,neutral,entails,"[0.6508066654205322, 0.3491933047771454]","[0.05693768709897995, 0.9430623054504395]"
1038,Water vapor condenses around these particles and clouds are formed.,Water vapor must lose heat energy before clouds can form.,neutral,neutral,entails,"[0.8447214961051941, 0.1552785187959671]","[0.006624388974159956, 0.9933755993843079]"
1042,The water rises as invisible vapor and is collected in the atmosphere.,Water vapor exists in the atmosphere as an invisible gas,entails,entails,neutral,"[0.008807387202978134, 0.991192638874054]","[0.9902259111404419, 0.009774082340300083]"
1044,"The nervous system of the human body, as well as other vertebrates and insects, uses electrical switching centers to make the system work.",The nervous system sends electrical signals to all other body systems.,entails,entails,neutral,"[0.0007873894646763802, 0.9992126226425171]","[0.9343350529670715, 0.06566496193408966]"
1049,The normal functioning of the nervous system is controlled by specific signals sent through the body by chemical and electrical mechanisms(nerve impulses).,The nervous system sends electrical signals to all other body systems.,entails,entails,neutral,"[0.3635381758213043, 0.6364618539810181]","[0.7684693932533264, 0.23153060674667358]"
1051,The sun kickstarts the whole cycle by heating all the Earth's water and making it evaporate.,Heat from the sun causes the most evaporation of water from a lake.,entails,entails,neutral,"[0.23932497203350067, 0.7606750130653381]","[0.9826200604438782, 0.017379913479089737]"
1059,These pollutants react with water vapor in the clouds and form acids.,Water vapor must lose heat energy before clouds can form.,neutral,neutral,entails,"[0.9683348536491394, 0.03166511654853821]","[0.015090846456587315, 0.984909176826477]"
1063,"The water vapor forms a cloud and the particles can act as cloud condensation nuclei, meaning they attract water.",Water vapor must lose heat energy before clouds can form.,neutral,neutral,entails,"[0.9645088315010071, 0.035491179674863815]","[0.26244688034057617, 0.7375531196594238]"
1071,"From these fossils and impressions in sedimentary rock, we can tell what kind of plants and animals lived at a certain period in the very ancient past.",The presence of an animal fossil in a rock gives evidence of the time period the animal lived in.,entails,entails,neutral,"[0.30081796646118164, 0.6991820335388184]","[0.9937618970870972, 0.006238086614757776]"
1074,"As the air is lifted, water vapor condenses, forming the cloud.",Water vapor must lose heat energy before clouds can form.,neutral,neutral,entails,"[0.9973936080932617, 0.0026063788682222366]","[0.018863637000322342, 0.9811363816261292]"
1075,Snow can form if there is enough water vapor in the air for clouds to develop.,Water vapor must lose heat energy before clouds can form.,neutral,neutral,entails,"[0.7857417464256287, 0.21425826847553253]","[0.004752533044666052, 0.995247483253479]"
1079,"Clouds, formed by condensed water vapor.",Water vapor must lose heat energy before clouds can form.,neutral,neutral,entails,"[0.9746607542037964, 0.025339223444461823]","[0.007189967669546604, 0.9928100109100342]"
1087,They know how the heart and lungs work together to keep oxygen supplied to the body.,"In your body, the heart and lungs work together to make sure that oxygen gets to all the other organs of your body.",entails,entails,neutral,"[0.015895774587988853, 0.9841042160987854]","[0.9610624313354492, 0.03893759101629257]"
1093,The Solar System The Solar system is made up of a star called the Sun and all of the objects that travel around the sun.,Only the sun in our solar system give off their own light.,neutral,neutral,entails,"[0.9753773212432861, 0.02462267130613327]","[0.005519299767911434, 0.9944807291030884]"
1097,"As shown on video screens throughout the exhibit, convection over time forms mountains, moves continents and creates ocean basins.",This process usually takes the longest amount of time: an ocean basin forms between two continents.,neutral,neutral,entails,"[0.9982296824455261, 0.0017703206976875663]","[0.41871514916419983, 0.5812848806381226]"
1117,"During a total lunar eclipse, the Earth lies directly between the sun and the moon, causing the Earth to cast its shadow on the moon.","When earth’s shadow falls on the moon, the shadow causes a lunar eclipse.",entails,entails,neutral,"[0.017459580674767494, 0.9825404286384583]","[0.5453820824623108, 0.4546179175376892]"
1119,"If the earth gets close enough to that line, then it's shadow will fall upon the moon, causing a lunar eclipse.","When earth’s shadow falls on the moon, the shadow causes a lunar eclipse.",entails,entails,neutral,"[0.0018047239864245057, 0.9981952905654907]","[0.9164769053459167, 0.08352311700582504]"
1122,"However, during a lunar eclipse, the earth's shadow falls over the moon, eventually enveloping it.","When earth’s shadow falls on the moon, the shadow causes a lunar eclipse.",entails,entails,neutral,"[0.0024086162447929382, 0.9975913763046265]","[0.6652243137359619, 0.3347756862640381]"
1124,"The cotton plant, specifically, contains tens of thousands of genes in the nucleus of every cell.",A single human body cell typically contains thousands of genes.,neutral,neutral,entails,"[0.9932592511177063, 0.006740774493664503]","[0.02406955324113369, 0.9759304523468018]"
1131,Asexual Reproduction   Almost all fungi reproduce asexually by producing spores.,Trees send out rootlike extensions that produce new stems is an example of asexual reproduction.,neutral,neutral,entails,"[0.8169662952423096, 0.18303368985652924]","[0.021252499893307686, 0.9787474870681763]"
1138,"There is a great deal of concern that managed care will have a negative impact on the ability of specialty societies to support their educational activities because of greater pressures on practicing Orthopaedic surgeons to be more productive, but with an expected decrease in revenue.",Smoking tobaccowould  most likely have a negative impact on the ability of an individual to succeed at physical activities because it it decreases stamina and cardiovascular efficiency.,neutral,neutral,entails,"[0.9998586773872375, 0.00014131187344901264]","[0.4650767743587494, 0.534923255443573]"
1142,"Some astronomers focus their research on objects in our solar system, such as the sun or planets.",Only the sun in our solar system give off their own light.,neutral,neutral,entails,"[0.9939754605293274, 0.006024564150720835]","[0.10367303341627121, 0.8963269591331482]"
1143,larval stage in snail; produced by miricidium asexual reproduction,Trees send out rootlike extensions that produce new stems is an example of asexual reproduction.,neutral,neutral,entails,"[0.9996635913848877, 0.00033640378387644887]","[0.3260139524936676, 0.6739860773086548]"
1153,Gravity is the most influential force in our solar system and the only other massive object in our solar system other than the Sun is Jupiter.,Only the sun in our solar system give off their own light.,neutral,neutral,entails,"[0.9982799291610718, 0.0017200500005856156]","[0.40954920649528503, 0.5904507637023926]"
1158,Suckering is a form of asexual reproduction in which a number of stems are produced from a single root system to form a clone.,Trees send out rootlike extensions that produce new stems is an example of asexual reproduction.,entails,entails,neutral,"[0.003847862593829632, 0.9961521625518799]","[0.9963277578353882, 0.0036722614895552397]"
1165,A human cell contains many thousands of different genes.,A single human body cell typically contains thousands of genes.,entails,entails,neutral,"[0.0006962548941373825, 0.9993037581443787]","[0.6551796197891235, 0.3448203504085541]"
1168,"My lessons will give only a brief overview of objects in our Solar System because &quot;planetology&quot; is a specialty of its own involving not only astronomy but also chemistry, geology and meteorology.",Only the sun in our solar system give off their own light.,neutral,neutral,entails,"[0.9999998807907104, 1.0073877376726159e-07]","[0.12000549584627151, 0.8799945116043091]"
1170,"Beginning with our own solar system, students might look at the distance between our earth and the sun, which is 93,000,000 miles or eight light minutes.",Only the sun in our solar system give off their own light.,neutral,neutral,entails,"[0.8060314059257507, 0.19396857917308807]","[0.4729415476322174, 0.527058482170105]"
1183,It is caused mostly by increasing concentrations of greenhouse gases in the atmosphere.,Most scientists agree that an increase in the amount of greenhouse gases entering earth's atmosphere causes an increase in melting of polar ice caps.,neutral,neutral,entails,"[0.98561030626297, 0.014389704912900925]","[0.011441528797149658, 0.9885584712028503]"
1186,"Some scientists say this is just the beginning of a coming calamity, predicting that an unnatural increase in greenhouse gases will contribute to drastic temperature increases over the next century, melting polar ice caps and raising sea levels enough to flood major cities around the world.",Most scientists agree that an increase in the amount of greenhouse gases entering earth's atmosphere causes an increase in melting of polar ice caps.,entails,entails,neutral,"[0.004036670550704002, 0.9959633350372314]","[0.786375880241394, 0.21362413465976715]"
1191,Studies of such images give us important information about how stars are born and also on how our own Sun and solar system were formed.,Only the sun in our solar system give off their own light.,neutral,neutral,entails,"[0.9999960064888, 3.981900590588339e-06]","[0.09138859808444977, 0.9086114168167114]"
1203,"Greenhouse gases trap heat inside the earth's atmosphere, so causing temperatures to increase and sea levels to rise as the polar ice caps melt.",Most scientists agree that an increase in the amount of greenhouse gases entering earth's atmosphere causes an increase in melting of polar ice caps.,entails,entails,neutral,"[0.0012570633552968502, 0.998742938041687]","[0.985511302947998, 0.01448871660977602]"
1208,The believers say that increased global temperature because of greenhouse gases will cause polar ice caps to melt.,Most scientists agree that an increase in the amount of greenhouse gases entering earth's atmosphere causes an increase in melting of polar ice caps.,entails,entails,neutral,"[0.15655122697353363, 0.8434487581253052]","[0.547076940536499, 0.4529230296611786]"
1212,Every cell in the body contains the genes for these markers;,A single human body cell typically contains thousands of genes.,neutral,neutral,entails,"[0.9356092214584351, 0.06439078599214554]","[0.2737747132778168, 0.7262252569198608]"
1219,The Sun The Sun is the largest object in the Solar System.,Only the sun in our solar system give off their own light.,neutral,neutral,entails,"[0.9691959023475647, 0.03080407902598381]","[0.3974612057209015, 0.6025387644767761]"
1224,They are produced by asexual reproduction.,Trees send out rootlike extensions that produce new stems is an example of asexual reproduction.,neutral,neutral,entails,"[0.9999871850013733, 1.2786266779585276e-05]","[0.48997125029563904, 0.5100287795066833]"
1226,"If all the objects in the Solar System were weighed (this includes planets, satellites, and asteroids but not the Sun ), they would make up only .14% of the entire mass of the Solar System.",Only the sun in our solar system give off their own light.,neutral,neutral,entails,"[0.999328076839447, 0.0006718958029523492]","[0.2133881151676178, 0.7866118550300598]"
1227,"And most individuals will only want it to succeed if it decreases work, increases efficiency, decreases frustration or improves profits.",Smoking tobaccowould  most likely have a negative impact on the ability of an individual to succeed at physical activities because it it decreases stamina and cardiovascular efficiency.,neutral,neutral,entails,"[0.9962400197982788, 0.0037599746137857437]","[0.43716174364089966, 0.5628382563591003]"
1232,"Although all of the cells in the human body contain the same genetic material, the same genes are not active in all of those cells.",A single human body cell typically contains thousands of genes.,neutral,neutral,entails,"[0.9981926679611206, 0.0018073372775688767]","[0.37221667170524597, 0.6277832984924316]"
1236,"Mathilde is also one of the blackest objects in the solar system, reflecting only 3% of the light that strikes it.",Only the sun in our solar system give off their own light.,neutral,neutral,entails,"[0.9999986886978149, 1.2835643019570853e-06]","[0.33045974373817444, 0.669540286064148]"
1237,Gene Therapy Inserting normal human genes into genetically defective body cells.,A single human body cell typically contains thousands of genes.,neutral,neutral,entails,"[0.9999870657920837, 1.294577305088751e-05]","[0.020874079316854477, 0.9791259169578552]"
1242,"Chromosomes and Genes Typically, a human being has a total of 46 chromosomes in every cell of the body.",A single human body cell typically contains thousands of genes.,neutral,neutral,entails,"[0.9621844291687012, 0.03781555965542793]","[0.44354817271232605, 0.5564517974853516]"
1248,The only astronomical objects specifically excluded from S IMBAD are the Sun and Solar System bodies.,Only the sun in our solar system give off their own light.,neutral,neutral,entails,"[0.9999532103538513, 4.680035272031091e-05]","[0.05656048655509949, 0.9434394836425781]"
1258,The Sun is the largest object in the solar system.,Only the sun in our solar system give off their own light.,neutral,neutral,entails,"[0.9842855334281921, 0.015714481472969055]","[0.3974612057209015, 0.6025387644767761]"
1263,"The second preventive measure would be that of moderating activity, so that those individual who do in fact smoke cigarettes would have available substances that could moderate, decrease and hopefully cessate their behaviour.",Smoking tobaccowould  most likely have a negative impact on the ability of an individual to succeed at physical activities because it it decreases stamina and cardiovascular efficiency.,neutral,neutral,entails,"[0.9997242093086243, 0.0002758184855338186]","[0.27480897307395935, 0.7251909971237183]"
1264,"Thus, in principle, every cell in our bodies contains all the genes needed to turn it into a full human being.",A single human body cell typically contains thousands of genes.,neutral,neutral,entails,"[0.8699725270271301, 0.13002744317054749]","[0.06603160500526428, 0.9339684247970581]"
1265,"Appendix I Cells, Chromosomes and Genes The human body contains more than 100 trillion cells.",A single human body cell typically contains thousands of genes.,neutral,neutral,entails,"[0.9996128082275391, 0.00038720789598301053]","[0.06818569451570511, 0.9318143129348755]"
1267,At the rising of the sun all other lights in the solar system hurry to their hiding places.,Only the sun in our solar system give off their own light.,neutral,neutral,entails,"[0.649882435798645, 0.350117564201355]","[0.3757097125053406, 0.6242902874946594]"
1268,"It is on the opposite side of the Earth to the Sun and, on this occasion, the three bodies are so precisely aligned that the Earth's shadow will fall on the moon causing a lunar eclipse .","When earth’s shadow falls on the moon, the shadow causes a lunar eclipse.",entails,entails,neutral,"[0.0036377820651978254, 0.9963622093200684]","[0.9802654981613159, 0.01973450928926468]"
1279,"Since the effect is so small in the solar system, it can only be detected for light that just grazes the Sun.",Only the sun in our solar system give off their own light.,neutral,neutral,entails,"[0.9977645874023438, 0.0022354088723659515]","[0.45744994282722473, 0.5425500869750977]"
1286,The sun is in fact the only star in our solar system.,Only the sun in our solar system give off their own light.,neutral,neutral,entails,"[0.8474719524383545, 0.1525280773639679]","[0.21633872389793396, 0.7836613059043884]"
1287,"For a human, a mutation in a single gene containing, e.g., 1000 bases, might take thousands of generations.",A single human body cell typically contains thousands of genes.,neutral,neutral,entails,"[0.9933090209960938, 0.0066909873858094215]","[0.05369802936911583, 0.9463019967079163]"
1288,"The sun lies at the heart of the solar system, where it is by far the largest object.",Only the sun in our solar system give off their own light.,neutral,neutral,entails,"[0.9940076470375061, 0.005992372054606676]","[0.028851062059402466, 0.9711489677429199]"
1289,The Solar System is the Sun and all the objects in orbit around it.,Only the sun in our solar system give off their own light.,neutral,neutral,entails,"[0.9819933176040649, 0.018006697297096252]","[0.07038957625627518, 0.9296104311943054]"
1297,Genes tell the cell how to make the thousands of proteins in your body.,A single human body cell typically contains thousands of genes.,neutral,neutral,entails,"[0.8104093074798584, 0.189590722322464]","[0.19498701393604279, 0.8050130009651184]"
